sample_id,saved_at,point_label,pixel_u,pixel_v,x_mm,y_mm,z_mm,valid_depth_count,depth_range_mm,device_timestamp_delta_ms
sample_0001,2026-09-25T12:55:18.323+02:00,aruco_23_center,215,161,-111.19573248373142,-21.760797016512647,589.0,9,12.0,0.04399999999805004
sample_0002,2026-09-25T12:55:20.394+02:00,aruco_23_center,303,188,-7.630413786206655,5.48638321757907,371.0,15,46.0,0.046000000002095476
sample_0003,2026-09-25T12:55:23.767+02:00,aruco_23_center,188,256,-111.28277236921205,67.29303776462284,462.0,25,0.0,0.04299999999784632
sample_0004,2026-09-25T12:55:25.428+02:00,aruco_23_center,426,138,107.44482935461444,-40.338548449671606,501.0,25,0.0,0.046000000002095476
sample_0005,2026-09-25T12:55:27.771+02:00,aruco_23_center,430,181,139.10699332374313,0.4632949079993472,626.0,23,13.0,0.040000000000873115
sample_0006,2026-09-25T12:55:30.392+02:00,aruco_23_center,582,231,195.68503127089272,37.18703821985868,385.0,10,67.0,0.04000000000814907
sample_0007,2026-09-25T12:55:32.858+02:00,aruco_23_center,396,310,67.33949308479411,106.04119723438866,429.0,25,7.0,0.04800000000250293
sample_0008,2026-09-25T12:55:35.332+02:00,aruco_23_center,313,236,-0.443458461172489,53.061636629257016,493.0,25,8.0,0.03900000000430737
sample_0009,2026-09-25T12:55:38.090+02:00,aruco_23_center,255,209,-68.55256352662126,33.40865045219102,613.0,24,0.0,0.037999999993189704
sample_0010,2026-09-25T12:55:40.214+02:00,aruco_23_center,295,146,-21.0842687617263,-38.631993857084744,578.0,25,0.0,0.03800000000046566
sample_0011,2026-09-25T12:55:42.396+02:00,aruco_23_center,354,117,43.900743523384165,-68.33795218705497,567.0,12,11.0,0.04599999999481952
sample_0012,2026-09-25T12:55:44.903+02:00,aruco_23_center,229,115,-93.77184615815897,-72.57546850257278,578.0,25,137.0,0.04200000000128057
sample_0013,2026-09-25T12:55:47.071+02:00,aruco_23_center,265,136,-36.642614928246225,-33.81922287813287,395.0,25,5.0,0.04499999999825377
sample_0014,2026-09-25T12:55:49.488+02:00,aruco_23_center,572,225,192.75899576116424,33.525367285160144,395.0,25,6.0,0.05000000000291038
sample_0015,2026-09-25T12:55:51.759+02:00,aruco_23_center,486,173,169.9318952341815,-7.258825100137362,518.0,25,9.0,0.03899999999703141
sample_0016,2026-09-25T12:55:54.169+02:00,aruco_23_center,425,121,95.11951267384208,-50.81981776209695,449.0,25,0.0,0.03900000000430737
